Table,Column,Type,Nullable,Key,Default,Extra,Description,JoinTo
opportunities,id,char(36),NO,PRI,,,PK сделки,
opportunities,name,varchar(100),YES,MUL,,,,
opportunities,date_entered,datetime,YES,MUL,,,,
opportunities,date_modified,datetime,YES,,,,,
opportunities,modified_user_id,char(36),YES,,,,,
opportunities,created_by,char(36),YES,MUL,,,,
opportunities,description,text,YES,,,,,
opportunities,deleted,tinyint(1),YES,,0,,,
opportunities,assigned_user_id,char(36),YES,MUL,,,Менеджер,users.id
opportunities,opportunity_type,varchar(255),YES,MUL,,,,
opportunities,account_id,char(36),YES,MUL,,,Клиент,accounts.id
opportunities,campaign_id,char(36),YES,,,,,
opportunities,lead_source,varchar(50),YES,,,,,
opportunities,amount,double,YES,,,,Сумма с НДС,
opportunities,amount_usdollar,double,YES,,,,,
opportunities,currency_id,char(36),YES,,,,,
opportunities,date_closed,date,YES,MUL,,,Дата закрытия,
opportunities,next_step,varchar(100),YES,,,,,
opportunities,sales_stage,varchar(25),YES,MUL,,,Статус: Closed Won/Shipment expectation/Order send,
opportunities,probability,double,YES,,,,,
opportunities,payment_status,varchar(255),YES,,,,,
opportunities,denial_reason,varchar(255),YES,,,,,
opportunities,invoice_num,varchar(20),YES,,,,,
opportunities,businessprocess_id,char(36),YES,,,,,
opportunities,onec_id,varchar(50),YES,MUL,,,,
opportunities,onec_sync_status,varchar(50),YES,MUL,,,,
opportunities,onec_sync_date,datetime,YES,MUL,,,,
opportunities,onec_sync_error,varchar(255),YES,,,,,
opportunities,seller_id,char(36),YES,,,,,
opportunities,amount_discount,double,YES,,,,,
opportunities,warehouse_onec_id,varchar(255),YES,MUL,,,,
opportunities,vat_included,tinyint(1),YES,,1,,,
opportunities,vat_enabled,tinyint(1),YES,,1,,,
opportunities,date_agreement,date,YES,,,,,
opportunities,date_act,date,YES,MUL,,,,
opportunities,period,varchar(100),YES,,"14 дней, (2 недели)",,,
opportunities,auto_calculation,tinyint(1),YES,,0,,,
opportunities,amount_net,double,YES,,,,,
opportunities,amount_net_usdollar,double,YES,,,,,
opportunities,project_finished_date,date,YES,,,,,
opportunities,project_started_date,date,YES,,,,,
opportunities,subject_nds,varchar(100),YES,,,,,
opportunities,visa_received,tinyint(1),YES,,0,,,
opportunities,request_num,varchar(255),YES,UNI,,,,
opportunities,agreement_num,varchar(255),YES,,,,,
opportunities,pair_count,double,YES,,,,,
opportunities,payment_form,varchar(255),YES,,,,,
opportunities,type_delivery,varchar(100),YES,,,,,
opportunities,list_items,text,YES,,,,,
opportunities,storehouse_id,char(36),NO,,,,,
opportunities,agreement_id,char(36),YES,MUL,,,,
opportunities,latitude,varchar(255),YES,,,,,
opportunities,longitude,varchar(255),YES,,,,,
opportunities,shipping_address_country,varchar(100),YES,,,,,
opportunities,shipping_address_postalcode,varchar(100),YES,,,,,
opportunities,shipping_address_state,varchar(100),YES,,,,,
opportunities,shipping_address_district,varchar(100),YES,,,,,
opportunities,shipping_address_city,varchar(100),YES,,,,,
opportunities,shipping_address_street,varchar(100),YES,,,,,
opportunities,shipping_address_building,varchar(100),YES,,,,,
opportunities,shipping_address_note,text,YES,,,,,
opportunities,notice_status,varchar(255),YES,,,,,
opportunities,invoice_date,date,YES,,,,,
opportunities,ttn,tinyint(1),YES,,0,,,
opportunities,ncf,int(1),NO,,0,,,
opportunities,salary_id,varchar(36),YES,,,,,
opportunities_cstm,id_c,char(36),NO,PRI,,,,
opportunities_cstm,okk_client_state_c,varchar(100),YES,,,,,
opportunities_cstm,cart_c,tinyint(1),YES,,0,,,
opportunities_cstm,cartbuh_c,tinyint(1),YES,,0,,,
opportunities_cstm,oppsite_c,tinyint(1),YES,,0,,,
opportunities_cstm,infobuh_c,text,YES,,,,,
opportunities_cstm,ivdate_c,date,YES,,,,,
opportunities_cstm,povtordostavka_c,tinyint(1),YES,,0,,,
opportunities_cstm,travel_number_c,varchar(25),YES,,,,,
opportunities_cstm,marking_status_c,varchar(100),YES,,,,,
opportunities_cstm,online_payment_c,double,YES,,0,,,
opportunities_cstm,is_marked_c,tinyint(1),YES,,0,,,
opportunities_cstm,shop_c,varchar(100),YES,,remove,,,
opportunities_cstm,taxi_c,varchar(100),YES,,,,,
opportunities_cstm,taxicomment_c,text,YES,,,,,
opportunities_cstm,taxibinding_c,varchar(20),YES,,,,,
opportunities_cstm,shipping_c,tinyint(1),YES,,0,,,
opportunities_cstm,shipping_company_c,varchar(100),YES,,NULL,,,
opportunities_cstm,shipped_by_c,text,YES,,,,,
opportunities_cstm,ivdatesgp_c,date,YES,,,,,
opportunities_cstm,amount_c,"decimal(26,6)",YES,,0.000000,,,
opportunities_cstm,price_peo_c,text,YES,,,,,
opportunities_cstm,routs_c,char(36),YES,,,,,
opportunities_cstm,specialorder_storehouse_id_c,varchar(100),YES,,,,,
opportunities_cstm,category_info_c,text,YES,,,,,
opportunities_cstm,manager_coment_c,text,YES,,,,,
opportunities_cstm,okk_rollback_c,tinyint(1),YES,,0,,,
opportunities_cstm,sdek_tarifs_c,varchar(100),YES,,,,,
opportunities_cstm,packages_coment_c,text,YES,,,,,
opportunities_cstm,recipient_name_c,varchar(255),YES,,,,,
opportunities_cstm,sdek_num_c,varchar(255),YES,,,,,
opportunities_cstm,uuid_sdek_c,varchar(255),YES,,,,,
opportunities_cstm,code_pvz_c,varchar(255),YES,,,,,
opportunities_cstm,rop_acs_c,tinyint(1),YES,,0,,,
opportunities_cstm,zero_dirty_c,tinyint(1),YES,,0,,,
opportunities_audit,id,char(36),NO,PRI,,,,
opportunities_audit,parent_id,char(36),NO,MUL,,,ID сделки,opportunities.id
opportunities_audit,date_created,datetime,YES,MUL,,,,
opportunities_audit,created_by,varchar(36),YES,,,,,
opportunities_audit,field_name,varchar(100),YES,,,,,
opportunities_audit,data_type,varchar(100),YES,,,,,
opportunities_audit,before_value_string,varchar(255),YES,,,,,
opportunities_audit,after_value_string,varchar(255),YES,,,,Новое значение (для отслеживания Shipment expectation),
opportunities_audit,before_value_text,text,YES,,,,,
opportunities_audit,after_value_text,text,YES,,,,,
accounts,id,char(36),NO,PRI,,,,
accounts,name,varchar(150),YES,MUL,,,,
accounts,date_entered,datetime,YES,,,,,
accounts,date_modified,datetime,YES,,,,,
accounts,modified_user_id,char(36),YES,,,,,
accounts,created_by,char(36),YES,MUL,,,,
accounts,description,text,YES,,,,,
accounts,deleted,tinyint(1),YES,MUL,0,,,
accounts,assigned_user_id,char(36),YES,MUL,,,,
accounts,account_type,varchar(50),YES,,,,,
accounts,industry,varchar(50),YES,,,,,
accounts,annual_revenue,varchar(25),YES,,,,,
accounts,phone_fax,varchar(25),YES,,,,,
accounts,billing_address_street,varchar(150),YES,,,,,
accounts,billing_address_city,varchar(100),YES,,,,,
accounts,billing_address_state,varchar(100),YES,,,,,
accounts,billing_address_postalcode,varchar(50),YES,,,,,
accounts,billing_address_country,varchar(255),YES,,,,,
accounts,rating,varchar(25),YES,,,,,
accounts,phone_office,varchar(25),YES,MUL,,,,
accounts,phone_alternate,varchar(25),YES,MUL,,,,
accounts,phone_home,varchar(25),YES,,,,,
accounts,phone_other,varchar(25),YES,,,,,
accounts,phone_delivery,varchar(40),YES,,,,,
accounts,phone_delivery2,varchar(40),YES,,,,,
accounts,website,varchar(255),YES,,,,,
accounts,ownership,varchar(100),YES,,,,,
accounts,employees,varchar(10),YES,,,,,
accounts,ticker_symbol,varchar(10),YES,,,,,
accounts,shipping_address_street,varchar(150),YES,,,,,
accounts,shipping_address_city,text,YES,,,,,
accounts,shipping_address_state,varchar(100),YES,,,,,
accounts,shipping_address_postalcode,varchar(20),YES,,,,,
accounts,shipping_address_country,varchar(255),YES,,,,,
accounts,parent_id,char(36),YES,MUL,,,,
accounts,sic_code,varchar(10),YES,,,,,
accounts,campaign_id,char(36),YES,,,,,
accounts,businessprocess_id,char(36),YES,,,,,
accounts,legal_entity_name,varchar(255),YES,,,,,
accounts,bank_name,varchar(255),YES,,,,,
accounts,payment_account,varchar(50),YES,,,,,
accounts,correspondent_account,varchar(50),YES,,,,,
accounts,bic,varchar(50),YES,,,,,
accounts,okato,varchar(50),YES,,,,,
accounts,okpo,varchar(50),YES,,,,,
accounts,inn,varchar(50),YES,,,,,
accounts,kpp,varchar(50),YES,,,,,
accounts,actual_address_street,varchar(150),YES,,,,,
accounts,actual_address_city,varchar(100),YES,,,,,
accounts,actual_address_state,varchar(100),YES,,,,,
accounts,actual_address_postalcode,varchar(20),YES,,,,,
accounts,actual_address_country,varchar(100),YES,,,,,
accounts,contact_last_name,varchar(255),YES,,,,,
accounts,contact_first_name,varchar(255),YES,,,,,
accounts,contact_patronymic_name,varchar(255),YES,,,,,
accounts,onec_id,varchar(50),YES,,,,,
accounts,onec_sync_status,varchar(50),YES,,,,,
accounts,onec_sync_date,datetime,YES,,,,,
accounts,onec_sync_error,varchar(255),YES,,,,,
accounts,seller,tinyint(1),YES,,0,,,
accounts,account_info,varchar(255),YES,,,,,
accounts,full_name,varchar(255),YES,,,,,
accounts,in_person_of,varchar(255),YES,,генерального директора ФИО,,,
accounts,person_name,varchar(255),YES,,,,,
accounts,brand,varchar(255),YES,,,,,
accounts,coldcall_as_last_id,char(36),YES,,,,,
accounts,contact_name,varchar(255),YES,,,,,
accounts,latitude,varchar(255),YES,,,,,
accounts,longitude,varchar(255),YES,,,,,
accounts,call_back_period,varchar(100),YES,,,,,
accounts,call_back_date,date,YES,,,,,
accounts,agreement_num,varchar(255),YES,,,,,
accounts,agreement_status,varchar(100),YES,,,,,
accounts,date_agreement,date,YES,,,,,
accounts,status,varchar(100),YES,,,,,
accounts,person_on_bases,varchar(255),YES,,на основании Устава,,,
accounts,billing_address_building,varchar(50),YES,,,,,
accounts,billing_address_note,text,YES,,,,,
accounts,actual_address_building,varchar(20),YES,,,,,
accounts,actual_address_note,text,YES,,,,,
accounts,shipping_address_building,varchar(20),YES,,,,,
accounts,shipping_address_note,text,YES,,,,,
accounts,postal_address_building,varchar(20),YES,,,,,
accounts,postal_address_note,text,YES,,,,,
accounts,postal_address_street,varchar(150),YES,,,,,
accounts,postal_address_city,varchar(100),YES,,,,,
accounts,postal_address_state,varchar(100),YES,,,,,
accounts,postal_address_postalcode,varchar(20),YES,,,,,
accounts,postal_address_country,varchar(100),YES,,,,,
accounts,postal_address_district,varchar(100),YES,,,,,
accounts,billing_address_district,varchar(100),YES,,,,,
accounts,actual_address_district,varchar(100),YES,,,,,
accounts,shipping_address_district,varchar(100),YES,,,,,
accounts,reorganize_to_id,char(36),YES,,,,,
accounts,account_category,varchar(50),YES,,,,,
accounts,assigned_okk_user_id,char(36),YES,,,,,
accounts,passport,varchar(15),YES,,,,,
accounts_cstm,id_c,char(36),NO,PRI,,,,
accounts_cstm,okk_client_state_c,varchar(100),YES,,,,,
accounts_cstm,timeofworking_c,varchar(255),NO,,,,,
accounts_cstm,mission_c,varchar(100),YES,,No,,,
accounts_cstm,date_mission_c,date,YES,,,,,
accounts_cstm,orgn_c,varchar(50),YES,,,,,
accounts_cstm,district_c,varchar(255),YES,,,,,
accounts_cstm,sale_limit_c,int(11),YES,,,,,
accounts_cstm,testfield_c,int(11),YES,,,,,
accounts_cstm,passport_c,varchar(20),YES,,,,,
accounts_cstm,passport_issued_by_c,varchar(200),YES,,,,,
accounts_cstm,passport_issued_date_c,date,YES,,,,,
accounts_cstm,registration_address_c,varchar(70),YES,,,,,
accounts_cstm,legalform_c,varchar(100),NO,,none,,,
accounts_cstm,withprotocol_c,varchar(100),NO,,,,,
accounts_cstm,availablestorehouses_c,text,YES,,,,,
accounts_cstm,accountlegalbasis_c,varchar(100),NO,,,,,
accounts_cstm,agreement_belonging_c,varchar(100),YES,,,,,
accounts_cstm,birthday_c,date,YES,,,,,
accounts_cstm,phone_delivery_c,varchar(25),NO,,,,,
accounts_cstm,phone_delivery2_c,varchar(25),YES,,,,,
accounts_cstm,phone_home_c,varchar(25),YES,,,,,
accounts_cstm,phone_other_c,varchar(25),YES,,,,,
accounts_cstm,our_seller1_c,varchar(100),YES,,,,,
accounts_cstm,our_expire_date1_c,date,YES,,,,,
accounts_cstm,our_person_name1_c,varchar(100),YES,,,,,
accounts_cstm,our_passport_data1_c,varchar(100),YES,,,,,
accounts_cstm,our_seller2_c,varchar(100),YES,,,,,
accounts_cstm,our_expire_date2_c,date,YES,,,,,
accounts_cstm,our_person_name2_c,varchar(100),YES,,,,,
accounts_cstm,our_passport_data2_c,varchar(100),YES,,,,,
accounts_cstm,our_seller3_c,varchar(100),YES,,,,,
accounts_cstm,our_expire_date3_c,date,YES,,,,,
accounts_cstm,our_person_name3_c,varchar(100),YES,,,,,
accounts_cstm,our_passport_data3_c,varchar(100),YES,,,,,
accounts_cstm,website_c,varchar(255),YES,,,,,
accounts_cstm,kredit_limit_c,int(11),YES,,,,,
accounts_cstm,date_limit_c,date,YES,,,,,
accounts_cstm,debit_limit_c,int(11),YES,,,,,
accounts_cstm,maxdate_limit_c,date,YES,,,,,
accounts_cstm,routs_c,char(36),YES,,,,Маршрут/регион клиента,routs.id
accounts_cstm,country_c,varchar(100),YES,,rf,,,
accounts_cstm,blacklist_count_c,varchar(255),YES,,,,,
accounts_cstm,no_auto_blacklist_c,tinyint(1),YES,,0,,,
accounts_cstm,dolg_delay_count_c,int(100),YES,,0,,,
accounts_cstm,teritory_c,varchar(25),YES,,,,,
productsale,id,char(36),NO,PRI,,,,
productsale,name,varchar(255),NO,MUL,,,,
productsale,date_entered,datetime,YES,,,,,
productsale,date_modified,datetime,YES,,,,,
productsale,modified_user_id,char(36),YES,,,,,
productsale,created_by,char(36),YES,MUL,,,,
productsale,description,text,YES,,,,,
productsale,deleted,tinyint(1),YES,,0,,,
productsale,unit,varchar(50),YES,,,,,
productsale,count,double,NO,,1,,Количество,
productsale,cost,double,YES,,0,,,
productsale,list_price,double,NO,,0,,,
productsale,amount,double,YES,,0,,Сумма позиции,
productsale,discount,double,YES,,0,,,
productsale,currency_id,char(36),YES,,,,,
productsale,product_id,char(36),YES,MUL,,,Товар,product.id
productsale,opportunity_id,char(36),YES,MUL,,,Сделка,opportunities.id
productsale,assigned_user_id,char(36),YES,MUL,,,,
productsale,price,double,NO,,0,,,
productsale,spec,int(11),YES,,0,,,
productsale,price_PEO,double,NO,,0,,,
productsale,price_range,varchar(255),YES,,,,,
product,id,char(36),NO,PRI,,,,
product,name,varchar(255),NO,MUL,,,,
product,price_in1,double,YES,,0,,,
product,price_in2,double,YES,,0,,,
product,date_entered,datetime,YES,,,,,
product,date_modified,datetime,YES,,,,,
product,modified_user_id,char(36),YES,,,,,
product,created_by,char(36),YES,MUL,,,,
product,description,text,YES,,,,,
product,deleted,tinyint(1),YES,,0,,,
product,unit,varchar(50),YES,,,,,
product,availability,varchar(255),YES,,In Stock,,,
product,url,varchar(255),YES,,,,,
product,cost,double,YES,,0,,,
product,list_price,double,NO,,0,,,
product,mfr_part_num,varchar(50),YES,,0,,,
product,vendor_part_num,varchar(50),YES,,,,,
product,date_available,date,YES,,,,,
product,discount,double,YES,,0,,,
product,weight,varchar(50),YES,,,,,
product,type,varchar(10),YES,,Product,,,
product,currency_id,char(36),NO,,,,,
product,manufacturer_id,char(36),YES,,,,,
product,contact_id,char(36),YES,,,,,
product,category_id,char(36),YES,,,,Категория товара,productcat.id
product,onec_id,varchar(50),YES,MUL,,,,
product,onec_sync_status,varchar(50),YES,MUL,,,,
product,onec_sync_date,datetime,YES,MUL,,,,
product,onec_sync_error,varchar(255),YES,,,,,
product,full_name,varchar(255),YES,,,,,
product,vat,varchar(10),YES,,vat_0,,,
product,assigned_user_id,char(36),YES,MUL,,,,
product,price,double,NO,,0,,,
product,format,varchar(255),YES,,,,,
product,place,varchar(255),YES,,,,,
product,price_up,double,YES,,0,,,
product,price_medium,double,YES,,0,,,
product,price_low,double,YES,,0,,,
product,pack_bulk,double,YES,,0,,,
product,pack_amount,double,YES,,0,,,
product,pack_weight,double,YES,,0,,,
product,instock,int(1),YES,,0,,,
product,delivery,int(1),YES,,0,,,
product,wholesale,int(1),YES,,0,,,
product,individual_production,int(1),YES,,0,,,
product,own_prod,int(11),NO,,0,,,
product,opt_porog,int(11),NO,,0,,,
product,multiplicity,int(11),YES,,,,,
product,min_opt_porog,int(11),NO,,0,,,
product,szwhole,int(1),YES,,,,,
product,szretail,int(1),YES,,,,,
product,rc_optimal,int(11),NO,,0,,,
product,rc_opt_optimal,int(11),NO,,0,,,
product,odd_flag,int(1),YES,,,,,
product,marked,int(1),YES,,0,,,
product,matrix,tinyint(1),YES,,0,,,
product,packaged,tinyint(1),YES,,0,,,
productcat,id,char(36),NO,PRI,,,,
productcat,name,varchar(255),NO,MUL,,,,
productcat,date_entered,datetime,YES,,,,,
productcat,date_modified,datetime,YES,,,,,
productcat,modified_user_id,char(36),YES,,,,,
productcat,created_by,char(36),YES,MUL,,,,
productcat,description,text,YES,,,,,
productcat,deleted,tinyint(1),YES,,0,,,
productcat,parent_category_id,char(36),YES,,,,Родительская категория,productcat.id
productcat,prod_or_cat,int(1),NO,,0,,,
productcat,properties,text,YES,,,,,
productcat,property_list,text,YES,,,,,
productcat,order_num,int(11),NO,,1,,,
productcat,assigned_user_id,char(36),YES,MUL,,,,
productcat,site_category,text,YES,,,,,
productcat,in_price_koef,double,YES,,0,,,
productcat,in_price_koef_nds,double,NO,,1,,,
productcat,in_price_koef_cash,double,NO,,1,,,
users,id,char(36),NO,PRI,,,,
users,user_name,varchar(60),YES,MUL,,,,
users,user_hash,varchar(32),YES,,,,,
users,LDAPGuid,varchar(50),YES,,,,,
users,authenticate_id,varchar(100),YES,,,,,
users,sugar_login,tinyint(1),YES,,1,,,
users,first_name,varchar(30),YES,,,,,
users,last_name,varchar(30),YES,,,,,
users,reports_to_id,char(36),YES,,,,,
users,is_admin,tinyint(1),YES,,0,,,
users,receive_notifications,tinyint(1),YES,,1,,,
users,description,text,YES,,,,,
users,date_entered,datetime,NO,,,,,
users,date_modified,datetime,NO,,,,,
users,modified_user_id,char(36),YES,,,,,
users,created_by,char(36),YES,,,,,
users,title,varchar(50),YES,,,,,
users,department,varchar(50),YES,,,,,
users,phone_home,varchar(50),YES,,,,,
users,phone_mobile,varchar(50),YES,,,,,
users,phone_work,varchar(50),YES,,,,,
users,phone_other,varchar(50),YES,,,,,
users,phone_fax,varchar(50),YES,,,,,
users,status,varchar(25),YES,,,,,
users,address_street,varchar(150),YES,,,,,
users,address_city,varchar(100),YES,,,,,
users,address_state,varchar(100),YES,,,,,
users,address_country,varchar(25),YES,,,,,
users,address_postalcode,varchar(10),YES,,,,,
users,user_preferences,text,YES,,,,,
users,deleted,tinyint(1),NO,,0,,,
users,portal_only,tinyint(1),YES,,0,,,
users,employee_status,varchar(25),YES,,,,,
users,messenger_id,varchar(25),YES,,,,,
users,messenger_type,text,YES,,,,,
users,is_group,tinyint(1),YES,,0,,,
users,team_role,varchar(255),YES,,,,,
users,team_id,char(36),YES,,,,Отдел,teams.id
users,birthday,datetime,NO,,,,,
users,beginwork,datetime,NO,,,,,
teams,id,char(36),NO,PRI,,,,
teams,name,varchar(255),NO,MUL,,,,
teams,date_entered,datetime,YES,,,,,
teams,date_modified,datetime,YES,,,,,
teams,modified_user_id,char(36),YES,,,,,
teams,created_by,char(36),YES,MUL,,,,
teams,description,text,YES,,,,,
teams,deleted,tinyint(1),YES,,0,,,
teams,assigned_user_id,char(36),YES,MUL,,,,
teams,team_id,char(36),YES,,,,,
teams,team_phone,varchar(11),YES,,,,,
teams,team_phone2,varchar(11),YES,,,,,
teams,team_phone3,varchar(11),YES,,,,,
teams,ring_group,varchar(11),YES,,,,,
teams,category,varchar(50),YES,,,,,
routs,id,char(36),NO,PRI,,,,
routs,name,varchar(255),YES,,,,,
routs,warehouse_id,varchar(255),YES,,,,,
routs,deleted,tinyint(1),YES,,0,,,
DirtyProfitSave,id,int(11),YES,,,,,
DirtyProfitSave,storehouse_id,char(36),NO,,,,,
DirtyProfitSave,opportunity_id,char(36),NO,PRI,,,Сделка,opportunities.id
DirtyProfitSave,assigned_user_id,char(36),NO,,,,,
DirtyProfitSave,dirty_profit,double,NO,,,,Грязная прибыль,
DirtyProfitSave,penalty_okk,int(11),YES,,,,,
DirtyProfitSave,deductionSR,int(11),NO,,0,,,
DirtyProfitSave,saved,int(11),NO,,0,,,
