Название,Product ID,Productcat ID
Перчатки,,42ac50da-efa0-9baa-51cc-50efc73a1fc6
Перчатки,,3fb2004f-ffe1-67b3-d797-65aa1f509de3
Перчатки,,8d432105-5ecf-3fc7-8242-62b32dc497e8
Перчатки,,f35511c6-0a8c-6ece-02cb-62b32d67dbf4
Рукавицы,d2ce11bf-8b1d-f983-8bda-50f01578752c,56e605af-31df-9377-5322-50f0124b66d1
Рукавицы,f475045f-b2ac-7a7d-cce6-5296ed1df430,
Рукавицы,10cf1f0e-1d53-1707-a72f-5c766eec4b8d,
Рукавицы,8e93811a-e6e9-e8be-712d-50f01412e6db,
Рукавицы,a498009d-eb1b-618e-6b03-57442be792cf,
Рукавицы,b1ca376a-d940-3eb7-1b82-50f0186322bf,
Рукавицы,59ddf14a-7906-44e9-bf05-580f265bd891,
Рукавицы,98b5c6ff-d833-861d-fe10-5178edc2bfb4,
Рукавицы,de48d2c0-42c0-9f4c-2113-5a7d5e017e72,
Рукавицы,eeef745f-89bb-7b77-aaaf-5443d6fba3e0,
Рукавицы,ee493828-89d0-5092-f050-5a0e9c845025,
Рукавицы,922b2ad9-ca81-d4c7-3a88-5a1ea4e4a340,
Рукавицы,616c84e6-dcac-de58-9b8a-54e0c86d01d5,
Рукавицы,b763d802-6535-6073-4bd0-5672c1dfb4bb,
Рукавицы,d201cc4d-f52d-3a85-e595-5a1295f28df7,
Рукавицы,b4dcac13-b7dd-7b1c-91ce-50f017f3ba80,
Вафля,,74bf507d-a38e-ea92-6d81-626a9915ed7d
Облив,,b7ece599-c211-52fd-2f30-5c21f1a851ca
Облив,,bf4581e7-681a-75ce-2796-62baa764dcf7
Облив,,d716ff1c-96e4-3451-f8a8-50efe14e851e
Ветошь,cdcf27ae-b7cd-38e6-14f0-50f003593239,c5d5d05c-a672-08bb-5f3b-59cb95299ef3
Ветошь,796c7093-cf5c-ffbc-3bae-56727abe0964,5ddd11ee-f0fe-39b3-8483-6613bc528163
Ветошь,,aaa602e1-a42d-5972-7830-6736fd16cef1
Стретч,e11ff355-c7f2-4c90-b584-5256604b4b04,d2ca8d1d-e078-4276-c733-5488539d35e6
Стретч,88538027-50db-3dd0-e0da-5f28053e57ad,ad0cafb2-82e3-bd9f-7de8-643e911e5bff
Стретч,cbeaa605-185a-6c4a-767f-6053554e8675,2764ae01-c9f7-7b3e-78f4-643e91aafa06
Стретч,de2d057b-b351-fe7c-20a0-63db822cfeac,
Стретч,eee460cb-7983-7d33-d4ec-625fc34b74bc,
Мешки,,e0fcedd5-485c-e14d-9a80-54885389b508
Китайские перчатки,,5502e046-af74-daca-00cc-67f7c90060d0
Микрофибра,2aa7c637-3284-bae9-cf30-680b433d3913,
Микрофибра,dfd0480d-a3e2-66f3-db7a-680b5d3fcb9d,
Микрофибра,b0f12d32-c999-a9ed-e319-680b43a33c58,
Микрофибра,a64de45d-194f-c833-2f01-6786440f90fc,
Микрофибра,c5d00480-ba03-b928-0a22-680b42eeeee3,
Микрофибра,4edebf69-2979-155b-407d-67864de79a07,
Микрофибра,5c89afdc-129b-832c-093f-6786414766e5,
Микрофибра,11491ded-dfef-a5f7-e653-678641be783a,
Микрофибра,300d76bc-32ad-70b3-6ec5-67864e112c78,
Микрофибра,8bfe48de-4bd7-a7e3-983e-67864ff928c8,
Микрофибра,32957cc7-3db2-bf35-9653-67864f8ec204,
Микрофибра,f1fda4b4-9cfa-2519-b04c-67864ca18857,
Микрофибра,356a1e0e-514e-eb9e-ff6f-67864f1fbe2f,
Микрофибра,e9777533-f5c0-7d3e-cf06-6786458588c9,
Микрофибра,4f1d7777-1e1c-db1f-e08c-67864b93f34f,
Микрофибра,9c38a7c1-eb82-7882-163a-67863fb36a7a,
Микрофибра,7c680eef-95db-1a41-6c1c-68383c081a3e,
Микрофибра,565f0472-b75c-3a76-ba5c-680b44679dff,
Микрофибра,68f2b2bd-53ca-1913-43ce-680b44375935,
Чистая звезда,583734f5-975e-769d-f167-65cb5450559d,
Чистая звезда,65d574fc-662c-2540-e814-5e217040082c,
Чистая звезда,3b09bd0e-804f-8da8-78e5-59f1fe1fb07c,
Чистая звезда,b37a3dc7-d08a-d804-ac9c-59f1ff25e2a2,
Чистая звезда,8ed73e37-5703-36c2-e713-59f1ffb9abfa,
Чистая звезда,2f97b752-dee1-bbe3-018a-59f1ff229389,
Чистая звезда,5ac98864-3708-f76d-513b-59f2f8293f2a,
Чистая звезда,8beee46b-8941-e8f0-d171-59c0d0b1209a,
Чистая звезда,1c7a03ab-1188-b5dd-3106-59c0d005fc05,
Чистая звезда,6dd64f08-a74d-6a9f-0033-5ebcdf27ba8e,
Чистая звезда,798b6f7e-68f9-3e21-cf01-5e9707a46c35,
Чистая звезда,1c4d8955-ca4a-3709-80e1-59a8166639b3,
Чистая звезда,a19b4b1d-ca99-bc70-dabc-59a8167f72ab,
Чистая звезда,2e967110-a82f-17c1-c188-59a816175e80,
Чистая звезда,4ed62d8f-eca1-9b45-05d2-59a816f16f33,
Чистая звезда,923c2b9f-4a88-2d95-7c44-59a817a4e16b,
Чистая звезда,53bd0aa2-9058-98ba-5a6c-59a8171bd7f7,
Чистая звезда,b0b05857-0431-13c2-4c46-59a81848fd39,
Чистая звезда,7aaa9177-9965-1a02-862d-5cdbf2692ed5,
Чистая звезда,378bff20-fc90-9b47-3a75-5d1b02fab4aa,
Чистая звезда,156e822c-ac22-402a-94c5-5be9597e2254,
Чистая звезда,6c5079db-719d-9a05-3c43-5cf8b4b6997e,
Чистая звезда,c4eb2f93-2e80-b40f-534a-5cdbf40deebf,
Чистая звезда,dd6b4828-f168-de6c-618a-5d1df99dd4d0,
Чистая звезда,aac4052f-6e91-ac49-82ec-561e416b6375,
Чистая звезда,f49e0afc-7f10-0f82-65ad-59c0d1f0f155,
Чистая звезда,c4325d5e-cb8f-cc40-9391-5d25e0e5a74e,
Чистая звезда,61bc8282-c7ae-1474-a637-5cdbf6c4e0df,
Чистая звезда,a4bbb48c-c40b-c2bc-0898-67ee32dd04e8,
Чистая звезда,719a0541-3ddd-679e-4144-569cc162287b,
Чистая звезда,adbad639-ccde-217e-dd12-5cfa46786f82,
Чистая звезда,dbcdd783-bcf1-7f77-0907-6899b6e906d4,
ХПП,3ccd13a7-22bc-b757-4a9b-6697c35d8498,
ХПП,a6718461-347e-5064-2b58-66b0b865f603,
ХПП,755ad006-619e-4a46-6d29-667d1fe17338,
ХПП,ca53c834-762d-1342-f484-5e32813efd56,
ХПП,88f25af5-44d3-208c-7cc4-651d3d924492,
ХПП,7554cada-aacf-f6ef-fb31-52611d8928a4,
ХПП,f37e57f9-0bb0-df20-4a33-6628f2a91c63,
ХПП,c98950dd-4446-73a5-cf55-51011a845791,
ХПП,3405b1fe-750c-9b96-9084-5416b8870b20,
ХПП,8813d4d1-76ee-45f6-8527-6628f2fe31d1,
ХПП,69d18de8-e31f-edb5-86f8-65b33e6dbc88,
ХПП,3b9dfb12-62a5-9cb5-b5e6-660502efc84d,
ХПП,9a9e5a88-a9b2-329d-2eb1-5d5a4cbed7e6,
ХПП,c8190756-d6b0-3b72-5dbf-60acba24c3ea,
ХПП,2ec3315c-8966-1707-3b30-5c20b6160877,
ХПП,27ce0b4f-7322-7618-e913-658eb51778dd,
ХПП,c949063f-262a-9e40-9ab3-5e204f6bbad8,
ХПП,1f8f3ff8-55ee-909a-d057-5bf65b5fe31d,
ХПП,6630c2b1-4f05-ca2b-d703-611caef81d02,
ХПП,340c3294-7b63-0905-a404-677fc3f93784,
ХПП,c562c764-e2eb-40f8-978f-6654364aa77a,
ХПП,45866231-55e5-e0cf-fef2-56e402f12334,
ХПП,beadf62b-ad0c-6ff5-a71c-6135b557732f,
ХПП,c29d5636-139a-7a6f-1c3b-66b0b7192616,
ХПП,c9c49095-4bcb-409f-7352-6628f24f2153,
ХПП,d73f5e0d-35db-8c31-3766-5a4253c7ada3,
ХПП,3c2c0abe-fa9e-e4ef-9615-5e427137a213,
ХПП,cf6ce174-16c6-48f8-7333-6628f2add67d,
ХПП,2479d46d-5d80-3a79-5f5e-677fc306ee70,